log_lik,AIC,BIC,alpha1,alpha2,lmbd,beta0,k,p,w
-3477.14,6968.28,7016.395256710844,0.149839,0.520985,0.523392,6.17279,-0.000115546,0.171039,0.569072
