log_lik,AIC,BIC,alpha1,alpha2,lmbd,beta0,k,p,w
-4025.23,8064.46,8112.264584483123,0.41206,0.940168,0.656382,3.96226,-0.000110625,0.130258,0.700311
