log_lik,AIC,BIC,omega,epsilon,p
-4332.03,8670.06,8690.547679064195,0.822832,0.663817,-0.00496968
