log_lik,AIC,BIC,omega,epsilon,p
-3771.9,7549.8,7570.420824304648,0.548578,0.223886,9.59674
