log_lik,AIC,BIC,beta1,wWS,wLS
-3869.78,7745.56,7766.180824304648,1.77589,0.984731,8.31859e-09
