log_lik,AIC,BIC,beta1,wWS,wLS
-4000.29,8006.58,8027.0676790641955,0.411801,3.43409,0.111881
