log_lik,AIC,BIC,beta1,wWS,wLS
-4337.83,8681.66,8702.147679064195,0.254302,3.72026,5.04325e-07
