log_lik,AIC,BIC,beta1,wWS,wLS
-3943.44,7892.88,7913.500824304648,0.577434,2.84778,1.91123e-08
