log_lik,AIC,BIC,alpha2,eta_T,beta1,p
-3576.78,7161.56,7189.054432406197,0.378081,0.111243,5.10268,0.215792
