log_lik,AIC,BIC,alpha1,alpha2,lmbd,beta1,p
-4229.7,8469.4,8503.546131773659,0.419936,0.00947644,0.152636,6.82423,0.070974
