log_lik,AIC,BIC,alpha1,alpha2,lmbd,beta1,p
-3574.7,7159.4,7193.768040507745,0.368307,0.132896,0.379259,3.42429,0.293199
