log_lik,AIC,BIC,alpha2,eta_T,beta1,p
-4079.45,8166.9,8194.216905418927,0.80148,0.0903988,3.47554,0.144628
