log_lik,AIC,BIC,alpha2,beta1,p
-3587.68,7181.36,7201.980824304647,0.365321,4.80994,0.229558
