log_lik,AIC,BIC,alpha2,beta1,p
-4076.02,8158.04,8178.527679064196,0.785254,3.35133,0.150968
