log_lik,AIC,BIC,alpha2,beta1,p,w,w_rac
-3638.86,7287.72,7321.86613177366,0.733341,6.94155,0.456084,0.999999,0.657507
