log_lik,AIC,BIC,alpha2,beta1,p,w,w_rac
(1,6907.58,6941.948040507746,0.340293,6.83811,0.978105,0.804262,0.259177
