log_lik,AIC,BIC,alpha1,alpha2,beta1,p,w
-3456.35,6922.7,6957.0680405077455,0.0743357,0.293887,6.54713,0.994733,0.690834
