log_lik,AIC,BIC,alpha1,alpha2,beta1,p,w
-3638.3,7286.6,7320.74613177366,0.0574165,0.739699,6.63296,0.456347,0.356663
