log_lik,AIC,BIC,alpha1,alpha2,beta1,p,w,w_rac
-3638.3,7288.6,7329.575358128392,0.0575241,0.742007,6.62196,0.456596,0.356334,0.999888
