log_lik,AIC,BIC,alpha1,alpha2,beta1,p,w,w_rac
-3442.19,6896.38,6937.621648609294,0.0913828,0.36689,6.31741,0.972375,0.597848,0.560148
