log_lik,AIC,BIC,alpha1,beta1,p
-3778.73,7563.46,7583.947679064196,0.053759,5.00267,0.104403
