log_lik,AIC,BIC,alpha1,beta1,p
-3622.55,7251.1,7271.720824304648,0.0733603,2.5741,0.428433
