log_lik,AIC,BIC,alpha1,alpha2,lmbd,beta1,p,w
-3477.62,6967.24,7008.481648609294,0.154964,0.574075,0.521382,5.49243,0.180329,0.542994
