log_lik,AIC,BIC,alpha1,alpha2,lmbd,beta1,p,w
-3979.48,7970.96,8011.935358128391,0.0206351,0.887869,0.683743,6.07013,0.0700028,0.482077
