log_lik,AIC,BIC,alpha1,alpha2,lmbd,beta_MB_WSLS,beta_MF_WSLS,wWS_MB,wWS_MF,w,p
-3956.09,7930.18,7991.643037192587,0.546929,0.999998,0.865077,0.583389,8.0002e-06,3.61945,2.38687e-05,0.566495,0.0142343
