log_lik,AIC,BIC,alpha1,alpha2,lmbd,beta_MB_WSLS,beta_MF_WSLS,wWS_MB,wWS_MF,w,p
-3545.83,7109.66,7171.522472913942,0.335715,0.699428,0.448078,19.5061,0.210989,4.88801,1.71363,0.007837,0.619887
