log_lik,AIC,BIC,alpha1,alpha2,lmbd,beta1,p,w0,k
-3477.62,6969.24,7017.355256710844,0.157938,0.577063,0.518907,5.46543,0.181304,0.598215,0.0560266
