log_lik,AIC,BIC,alpha1,alpha2,lmbd,beta1,p,w0,k
-3979.48,7972.96,8020.764584483123,0.0202179,0.887958,0.698205,6.09777,0.0696558,0.412182,-0.0679313
