condition,alpha1,alpha2,lmbd,beta1,beta2,p,w
abstract,0.212345,0.543359,0.445617,5.57894,2.71777,0.185575,0.54806
story,0.0741181,0.809203,0.632239,5.41482,2.03808,0.0857267,0.582671
