alpha1,alpha2,lmbd,beta1,beta2,p,w
0.169912,0.498329,0.510507,5.70683,2.99701,0.172523,0.571576
