log_lik,AIC,BIC,alpha1,alpha2,lmbd,beta1,beta2,p,w
-7725.99,15465.98,15513.784584483123,0.0189314,0.826823,0.706202,6.31988,2.06359,0.0663535,0.498474
