log_lik,AIC,BIC,alpha,lmbd,beta1,beta2,p,w
-7779.26,15570.52,15611.495358128392,0.809423,0.617302,3.60925,2.09722,0.128051,0.807419
