log_lik,AIC,BIC,alpha,lmbd,beta1,beta2,p,w
-7266.71,14545.42,14586.661648609295,0.460939,0.461982,5.04645,3.11102,0.197474,0.634544
