log_lik,AIC,BIC,alpha1,alpha2,lmbd,beta,p,w
-7298.27,14608.54,14649.781648609296,0.447954,0.472645,0.558204,3.29357,0.314422,0.55236
