log_lik,AIC,BIC,alpha1,alpha2,lmbd,beta,p,w
-7827.17,15666.34,15707.315358128391,0.859334,0.81766,0.815678,2.29811,0.218268,0.818847
