log_lik,AIC,BIC,alpha1,alpha2,beta1,beta2,p,w
-7267.82,14547.64,14588.881648609295,0.082581,0.497697,5.62004,2.99803,0.178374,0.609212
