log_lik,AIC,BIC,alpha1,alpha2,beta1,beta2,p,w
-7728.17,15468.34,15509.315358128391,0.0141886,0.823325,6.55947,2.07051,0.0643392,0.482729
