log_lik,AIC,BIC,alpha1,alpha2,lmbd,beta1,beta2,w
-7805.26,15622.52,15663.761648609296,0.181524,0.471518,0.499336,7.85308,3.0786,0.508519
