log_lik,AIC,BIC,alpha1,alpha2,lmbd,beta1,beta2,w
-7838.53,15689.06,15730.03535812839,0.0213873,0.806033,0.689251,7.31479,2.10322,0.485309
