log_lik,AIC,BIC,alpha1,alpha2,lmbd,beta1,beta2,p,w
-7725.99,15465.98,15513.784584483123,0.0190571,0.826497,0.693509,6.31545,2.06461,0.0664029,0.499241
