log_lik,AIC,BIC,alpha1,alpha2,lmbd,beta1,beta2,p,w
-7253.39,14520.78,14568.895256710844,0.168728,0.498273,0.506667,5.72952,2.99897,0.171684,0.569046
