alpha1,alpha2,lmbd,beta1,beta2,p,w0,k
0.172322,0.498826,0.499133,5.70712,2.99068,0.172429,0.565128,-0.004229
